Year,USA,Afghanistan,Albania,Algeria,Angola,Antigua and Barbuda,Argentina,Armenia,Aruba,Australia,Austria,Azerbaijan,"Bahamas, The",Bahrain,Bangladesh,Barbados,Belarus,Belgium,Belize,Benin,Bhutan,Bolivia,Bosnia and Herzegovina,Botswana,Brazil,Brunei Darussalam,Bulgaria,Burkina Faso,Burundi,Cabo Verde,Cambodia,Cameroon,Canada,Central African Republic,Chad,Channel Islands,Chile,China,Colombia,Comoros,"Congo, Dem. Rep.","Congo, Rep.",Costa Rica,Cote d'Ivoire,Croatia,Cuba,Cyprus,Czech Republic,Denmark,Djibouti,Dominican Republic,Ecuador,"Egypt, Arab Rep.",El Salvador,Equatorial Guinea,Eritrea,Estonia,Eswatini,Ethiopia,Faroe Islands,Fiji,Finland,France,French Polynesia,Gabon,"Gambia, The",Georgia,Germany,Ghana,Greece,Greenland,Grenada,Guam,Guatemala,Guinea,Guinea-Bissau,Guyana,Haiti,Honduras,Hong Kong ,Hungary,Iceland,India,Indonesia,"Iran, Islamic Rep.",Iraq,Ireland,Israel,Italy,Jamaica,Japan,Jordan,Kazakhstan,Kenya,Kiribati,"Korea, Dem. People’s Rep.","Korea, Rep.",Kosovo,Kuwait,Kyrgyz Republic,Lao PDR,Latvia,Lebanon,Lesotho,Liberia,Libya,Liechtenstein,Lithuania,Luxembourg,"Macao SAR, China",Madagascar,Malawi,Malaysia,Maldives,Mali,Malta,Mauritania,Mauritius,Mexico,"Micronesia, Fed. Sts.",Moldova,Mongolia,Montenegro,Morocco,Mozambique,Myanmar,Namibia,Nepal,Netherlands,New Caledonia,New Zealand,Nicaragua,Niger,Nigeria,North Macedonia,Norway,Oman,Pakistan,Panama,Papua New Guinea,Paraguay,Peru,Philippines,Poland,Portugal,Puerto Rico,Qatar,Romania,Russian Federation,Rwanda,Samoa,Sao Tome and Principe,Saudi Arabia,Senegal,Serbia,Sierra Leone,Singapore,Slovak Republic,Slovenia,Solomon Islands,Somalia,South Africa,South Sudan,Spain,Sri Lanka,St. Lucia,St. Vincent and the Grenadines,Sudan,Suriname,Sweden,Switzerland,Syrian Arab Republic,Tajikistan,Tanzania,Thailand,Timor-Leste,Togo,Tonga,Trinidad and Tobago,Tunisia,Turkey,Turkmenistan,Uganda,Ukraine,United Arab Emirates,United Kingdom,Uruguay,Uzbekistan,Vanuatu,"Venezuela, RB",Vietnam,Virgin Islands (U.S.),"Yemen, Rep.",Zambia,Zimbabwe
1970,2.48,7.45,4.91,7.643,7.434,3.683,3.079,3.199,2.908,2.859,2.29,5.018,3.536,6.501,6.947,3.113,2.31,2.25,6.299,6.748,6.601,6.004,2.929,6.645,4.972,5.719,2.17,6.623,7.249,6.935,6.465,6.203,2.258,5.958,6.528,2.121,3.778,5.725,5.276,7.061,6.215,6.267,4.595,7.936,1.979,3.935,2.61,1.92,1.95,6.804,6.182,6.138,6.233,6.172,5.808,6.65,2.17,6.871,6.978,3.4,4.543,1.83,2.55,5.057,5.081,6.185,2.707,2.03,6.95,2.4,..,4.604,4.372,6.642,6.243,6.041,5.38,5.762,7.27,3.284,1.98,2.81,5.587,5.474,6.44,7.362,3.85,3.778,2.38,5.477,2.135,7.926,3.611,8.081,5.457,4.315,4.53,..,7.169,5.177,5.974,1.96,4.948,5.808,6.695,8.132,..,2.4,1.97,2.167,7.27,7.303,5.014,7.227,7.133,2.03,6.784,3.952,6.611,6.938,2.582,7.569,2.737,6.646,6.716,5.964,6.469,5.918,2.57,4.3,3.158,6.862,7.567,6.471,3.158,2.5,7.311,6.601,5.173,6.163,5.739,6.316,6.264,2.2,3.01,3.146,6.91,2.89,1.99,8.231,7.194,6.468,7.28,7.262,..,6.496,3.07,2.41,2.231,6.914,7.182,5.669,6.881,2.84,4.342,6.101,6.014,6.888,5.653,1.92,2.1,7.572,7.003,6.771,5.595,5.655,7.084,5.941,3.554,6.705,5.619,6.404,7.115,2.09,6.655,2.44,2.902,6.326,6.272,5.321,6.465,5.167,8.386,7.367,7.419
1971,2.266,7.45,4.775,7.624,7.467,3.516,3.109,3.114,2.788,2.961,2.2,4.85,3.508,6.297,6.942,2.949,2.31,2.21,6.288,6.786,6.604,5.964,2.844,6.615,4.836,5.619,2.1,6.657,7.258,6.913,6.332,6.246,2.141,5.956,6.582,2.019,3.654,5.403,5.057,7.06,6.244,6.289,4.369,7.941,1.973,3.774,2.547,2,2.04,6.823,5.984,6.011,6.144,6.087,5.808,6.636,2.19,6.871,7.02,3.2,4.397,1.68,2.47,4.98,5.143,6.193,2.665,1.92,6.936,2.32,..,4.561,4.248,6.62,6.262,6.06,5.226,5.692,7.195,3.459,1.93,2.92,5.519,5.413,6.359,7.308,3.93,3.774,2.4,5.305,2.16,7.876,3.59,8.051,5.273,4.21,4.54,..,7.018,5.147,5.979,2,4.836,5.808,6.736,8.147,..,2.41,1.95,1.979,7.248,7.345,4.88,7.201,7.141,2.06,6.774,3.741,6.51,6.925,2.56,7.546,2.68,6.552,6.706,5.884,6.521,5.901,2.36,4.175714286,3.194,6.819,7.58,6.522,3.044,2.49,7.35,6.602,5.06,6.137,5.591,6.207,6.152,2.25,3,3.068,6.855,2.67,2.03,8.252,7.119,6.49,7.289,7.261,2.3,6.524,3.02,2.43,2.22,7.04,7.151,5.601,6.892,2.9,4.208,5.953,5.828,6.899,5.504,1.96,2.04,7.566,6.943,6.765,5.397,5.58,7.136,5.761,3.484,6.591,5.529,6.323,7.111,2.12,6.579,2.41,2.938,6.263,6.202,5.174,6.421,4.976,8.432,7.383,7.425
1972,2.01,7.45,4.642,7.597,7.488,3.327,3.149,3.035,2.691,2.744,2.08,4.681,3.472,6.094,6.928,2.794,2.28,2.09,6.284,6.823,6.608,5.923,2.759,6.582,4.712,5.5,2.03,6.697,7.271,6.887,6.175,6.287,1.98,5.951,6.636,1.918,3.53,5.035,4.857,7.058,6.275,6.306,4.177,7.942,1.967,3.58,2.491,2.09,2.03,6.83,5.784,5.873,6.056,6,5.805,6.624,2.13,6.866,7.06,3.3,4.275,1.58,2.38,4.889,5.208,6.211,2.622,1.71,6.915,2.32,..,4.537,4.137,6.599,6.283,6.078,5.057,5.642,7.111,3.315,1.93,3.09,5.444,5.338,6.292,7.234,3.84,3.77,2.35,5.108,2.14,7.818,3.569,8.012,5.13,4.05,4.12,..,6.835,5.105,5.99,2,4.73,5.804,6.777,8.135,..,2.34,1.75,1.818,7.221,7.389,4.757,7.159,7.147,2.01,6.758,3.575,6.382,6.894,2.542,7.497,2.624,6.455,6.69,5.791,6.561,5.884,2.15,4.051428571,3,6.769,7.596,6.575,2.932,2.38,7.414,6.605,4.939,6.108,5.458,6.091,6.041,2.24,2.86,3.006,6.781,2.55,2.04,8.278,7.039,6.51,7.299,7.258,..,6.55,3.04,2.49,2.213,7.145,7.118,5.525,6.903,2.87,4.083,5.813,5.629,6.91,5.336,1.91,1.91,7.556,6.845,6.761,5.181,5.492,7.182,5.616,3.432,6.465,5.429,6.237,7.107,2.08,6.484,2.2,2.969,6.185,6.134,5.035,6.35,4.76,8.471,7.392,7.434
1973,1.879,7.45,4.509,7.558,7.498,3.121,3.198,2.956,2.613,2.491,1.94,4.51,3.413,5.899,6.904,2.648,2.25,1.95,6.285,6.86,6.613,5.88,2.671,6.547,4.6,5.355,2.15,6.744,7.288,6.855,6.004,6.328,1.89,5.944,6.688,1.822,3.409,4.643,4.68,7.055,6.308,6.319,4.019,7.939,1.96,3.351,2.44,2.31,1.92,6.823,5.584,5.727,5.974,5.91,5.8,6.615,2.06,6.854,7.094,3.2,4.178,1.49,2.28,4.785,5.275,6.237,2.577,1.54,6.888,2.27,..,4.512,4.028,6.578,6.308,6.098,4.877,5.615,7.025,3.177,1.93,2.94,5.363,5.251,6.243,7.153,3.71,3.698,2.3,4.899,2.14,7.75,3.536,7.963,5.034,3.852,4.07,..,6.627,5.047,6.006,1.98,4.629,5.796,6.815,8.102,..,2.22,1.58,1.679,7.188,7.432,4.64,7.103,7.151,1.65,6.738,3.444,6.23,6.842,2.523,7.413,2.567,6.356,6.67,5.688,6.585,5.868,1.9,3.927142857,2.696,6.713,7.616,6.625,2.828,2.23,7.504,6.608,4.81,6.077,5.351,5.968,5.931,2.26,2.77,2.955,6.69,2.44,2.01,8.307,6.952,6.525,7.307,7.255,..,6.573,2.79,2.56,2.207,7.216,7.086,5.441,6.912,2.84,3.97,5.686,5.417,6.921,5.148,1.87,1.81,7.537,6.714,6.758,4.953,5.392,7.222,5.512,3.389,6.33,5.316,6.143,7.103,2.04,6.372,2.04,2.989,6.088,6.067,4.906,6.251,4.527,8.504,7.393,7.441
1974,1.835,7.45,4.373,7.505,7.5,2.909,3.251,2.875,2.552,2.397,1.91,4.341,3.33,5.721,6.869,2.513,2.21,1.83,6.287,6.896,6.618,5.835,2.58,6.51,4.502,5.183,2.29,6.799,7.31,6.818,5.831,6.367,1.837,5.935,6.736,1.735,3.293,4.244,4.527,7.052,6.341,6.324,3.895,7.929,1.95,3.094,2.393,2.46,1.9,6.803,5.388,5.577,5.899,5.816,5.795,6.609,2.07,6.837,7.121,3.1,4.106,1.61,2.18,4.67,5.343,6.271,2.533,1.51,6.855,2.38,..,4.479,3.917,6.558,6.336,6.12,4.689,5.614,6.935,2.967,2.27,2.66,5.278,5.152,6.214,7.072,3.59,3.626,2.28,4.685,2.05,7.675,3.488,7.905,4.985,3.63,3.77,..,6.403,4.97,6.029,1.97,4.534,5.783,6.849,8.048,..,2.21,1.58,1.562,7.149,7.476,4.528,7.04,7.153,1.64,6.712,3.341,6.057,6.77,2.503,7.294,2.507,6.255,6.647,5.576,6.589,5.853,1.77,3.802857143,2.57,6.647,7.64,6.669,2.738,2.13,7.617,6.611,4.675,6.041,5.272,5.841,5.824,2.26,2.7,2.908,6.581,2.71,2,8.339,6.859,6.534,7.312,7.252,..,6.594,2.35,2.61,2.202,7.248,7.057,5.353,6.92,2.88,3.87,5.571,5.197,6.93,4.945,1.87,1.73,7.51,6.553,6.755,4.721,5.287,7.254,5.449,3.349,6.189,5.191,6.04,7.1,2.04,6.245,1.92,2.995,5.973,5.999,4.791,6.125,4.286,8.531,7.382,7.442
1975,1.774,7.45,4.235,7.434,7.494,2.702,3.301,2.792,2.506,2.148,1.83,4.176,3.233,5.56,6.821,2.393,2.17,1.74,6.278,6.929,6.62,5.786,2.489,6.472,4.415,4.99,2.23,6.859,7.334,6.771,5.681,6.406,1.824,5.925,6.78,1.659,3.182,3.859,4.398,7.052,6.376,6.318,3.804,7.91,1.937,2.824,2.352,2.43,1.92,6.77,5.198,5.426,5.833,5.717,5.791,6.608,2.04,6.817,7.143,2.9,4.054,1.68,2.09,4.548,5.412,6.308,2.489,1.45,6.815,2.33,2.345,4.436,3.801,6.535,6.367,6.15,4.503,5.641,6.844,2.666,2.35,2.65,5.192,5.043,6.212,6.993,3.37,3.554,2.17,4.478,1.909,7.598,3.427,7.84,4.978,3.404,3.43,..,6.176,4.876,6.059,1.96,4.443,5.764,6.88,7.97,..,2.18,1.55,1.478,7.102,7.517,4.425,6.981,7.154,2.27,6.679,3.255,5.866,6.682,2.483,7.144,2.447,6.156,6.622,5.46,6.576,5.838,1.66,3.678571429,2.331,6.574,7.668,6.706,2.663,1.98,7.747,6.612,4.537,6,5.223,5.709,5.718,2.27,2.75,2.864,6.46,2.59,1.98,8.37,6.761,6.534,7.313,7.252,..,6.611,2.07,2.55,2.195,7.236,7.033,5.265,6.924,2.77,3.783,5.462,4.973,6.936,4.734,1.77,1.61,7.472,6.376,6.751,4.488,5.19,7.276,5.426,3.313,6.042,5.058,5.926,7.099,2.02,6.111,1.81,2.983,5.842,5.929,4.686,5.973,4.047,8.554,7.359,7.427
1976,1.738,7.45,4.099,7.344,7.485,2.516,3.339,2.712,2.472,2.06,1.69,4.018,3.137,5.417,6.758,2.288,2.12,1.73,6.25,6.959,6.616,5.732,2.401,6.433,4.339,4.784,2.24,6.922,7.357,6.714,5.585,6.448,1.796,5.916,6.82,1.596,3.078,3.508,4.285,7.055,6.41,6.299,3.74,7.877,1.925,2.562,2.323,2.39,1.75,6.729,5.017,5.276,5.778,5.609,5.791,6.613,2.07,6.798,7.167,2.7,4.018,1.7,2.01,4.423,5.48,6.342,2.448,1.45,6.771,2.35,2.255,4.385,3.681,6.51,6.4,6.192,4.327,5.698,6.749,2.48,2.23,2.52,5.108,4.927,6.238,6.915,3.29,3.482,2.04,4.286,1.85,7.523,3.355,7.769,4.999,3.197,3,..,5.962,4.77,6.096,1.93,4.353,5.739,6.907,7.866,..,2.18,1.48,1.437,7.044,7.556,4.331,6.944,7.154,2.21,6.64,3.169,5.661,6.586,2.465,6.969,2.391,6.06,6.595,5.344,6.549,5.822,1.63,3.554285714,2.273,6.495,7.701,6.735,2.606,1.86,7.885,6.608,4.398,5.954,5.198,5.575,5.613,2.3,2.82,2.818,6.332,2.54,1.97,8.401,6.656,6.524,7.309,7.258,..,6.628,2.11,2.55,2.183,7.182,7.016,5.185,6.922,2.77,3.705,5.347,4.752,6.933,4.526,1.68,1.55,7.422,6.197,6.743,4.257,5.119,7.287,5.438,3.287,5.89,4.921,5.796,7.099,1.99,5.973,1.74,2.953,5.699,5.858,4.589,5.8,3.818,8.578,7.323,7.385
1977,1.789,7.449,3.966,7.234,7.475,2.361,3.359,2.641,2.446,2.007,1.63,3.869,3.058,5.285,6.681,2.198,2.08,1.71,6.195,6.984,6.605,5.673,2.318,6.392,4.267,4.58,2.21,6.984,7.376,6.645,5.557,6.492,1.782,5.908,6.857,1.546,2.981,3.2,4.179,7.061,6.444,6.263,3.692,7.828,1.913,2.328,2.31,2.34,1.66,6.685,4.844,5.13,5.731,5.493,5.795,6.622,2.06,6.783,7.195,2.7,3.992,1.68,1.94,4.301,5.543,6.369,2.409,1.4,6.721,2.27,2.349,4.337,3.561,6.48,6.434,6.249,4.169,5.778,6.649,2.376,2.15,2.31,5.029,4.806,6.289,6.834,3.24,3.41,1.93,4.115,1.8,7.455,3.283,7.695,5.031,3.025,2.99,..,5.769,4.66,6.139,1.89,4.262,5.708,6.93,7.736,..,2.14,1.5,1.445,6.976,7.59,4.249,6.936,7.153,2.14,6.596,3.071,5.448,6.49,2.455,6.78,2.341,5.968,6.565,5.23,6.513,5.804,1.58,3.43,2.229,6.411,7.738,6.757,2.562,1.75,8.018,6.599,4.26,5.9,5.189,5.44,5.506,2.23,2.69,2.769,6.201,2.57,1.95,8.429,6.547,6.504,7.299,7.268,..,6.644,1.82,2.49,2.166,7.096,7.004,5.116,6.913,2.65,3.633,5.216,4.54,6.919,4.332,1.64,1.53,7.359,6.029,6.73,4.03,5.085,7.288,5.471,3.273,5.733,4.785,5.651,7.099,1.94,5.84,1.69,2.907,5.55,5.787,4.494,5.614,3.607,8.605,7.276,7.308
1978,1.76,7.449,3.841,7.105,7.467,2.242,3.359,2.582,2.425,1.949,1.6,3.73,3.008,5.158,6.59,2.121,2.06,1.69,6.109,7.004,6.584,5.61,2.243,6.345,4.195,4.389,2.15,7.041,7.388,6.564,5.603,6.538,1.768,5.902,6.892,1.505,2.892,2.943,4.074,7.069,6.476,6.211,3.652,7.763,1.903,2.135,2.312,2.33,1.67,6.639,4.68,4.989,5.69,5.369,5.804,6.636,2.02,6.769,7.23,2.6,3.968,1.64,1.89,4.185,5.6,6.385,2.373,1.38,6.665,2.28,2.197,4.299,3.447,6.443,6.467,6.32,4.031,5.872,6.543,2.272,2.06,2.35,4.956,4.682,6.354,6.748,3.21,3.354,1.84,3.965,1.79,7.391,3.216,7.618,5.058,2.897,2.64,..,5.599,4.553,6.186,1.87,4.168,5.671,6.95,7.582,..,2.08,1.48,1.499,6.898,7.618,4.179,6.961,7.152,2.05,6.548,2.954,5.234,6.398,2.454,6.587,2.3,5.877,6.535,5.117,6.472,5.783,1.58,3.428,2.07,6.325,7.775,6.772,2.529,1.77,8.137,6.583,4.128,5.839,5.186,5.305,5.399,2.21,2.45,2.718,6.07,2.52,1.92,8.451,6.434,6.473,7.281,7.279,..,6.66,1.79,2.47,2.14,6.99,7,5.06,6.897,2.54,3.562,5.064,4.339,6.892,4.161,1.6,1.51,7.285,5.885,6.711,3.808,5.094,7.277,5.509,3.271,5.572,4.654,5.494,7.099,1.96,5.716,1.75,2.852,5.399,5.716,4.397,5.423,3.42,8.636,7.219,7.195
1979,1.808,7.449,3.725,6.957,7.461,2.162,3.339,2.538,2.408,1.907,1.6,3.605,2.987,5.036,6.483,2.057,2.05,1.69,5.992,7.018,6.553,5.542,2.178,6.288,4.12,4.216,2.16,7.09,7.394,6.473,5.714,6.583,1.754,5.898,6.925,1.475,2.812,2.745,3.967,7.075,6.506,6.142,3.615,7.682,1.895,1.99,2.328,2.27,1.6,6.596,4.526,4.855,5.65,5.237,5.817,6.652,2,6.752,7.271,2.7,3.941,1.64,1.87,4.08,5.648,6.387,2.341,1.38,6.605,2.26,2.187,4.269,3.34,6.399,6.5,6.401,3.915,5.97,6.431,2.12,2.01,2.49,4.889,4.557,6.422,6.658,3.21,3.298,1.73,3.839,1.77,7.329,3.019,7.538,5.072,2.815,2.9,..,5.452,4.454,6.233,1.87,4.072,5.627,6.964,7.408,..,2.05,1.48,1.591,6.813,7.636,4.12,7.013,7.151,2.1,6.496,2.818,5.024,6.311,2.462,6.395,2.268,5.785,6.504,5.006,6.426,5.756,1.56,3.426,2.12,6.233,7.812,6.781,2.505,1.75,8.232,6.561,4.002,5.771,5.183,5.171,5.29,2.28,2.31,2.664,5.94,2.49,1.9,8.462,6.32,6.434,7.252,7.29,..,6.675,1.79,2.45,2.106,6.871,7.002,5.016,6.874,2.37,3.488,4.891,4.154,6.853,4.015,1.66,1.52,7.197,5.77,6.685,3.594,5.142,7.254,5.541,3.278,5.408,4.528,5.331,7.1,1.96,5.603,1.86,2.789,5.251,5.645,4.298,5.232,3.261,8.671,7.156,7.045
1980,1.839,7.449,3.621,6.794,7.459,2.118,3.301,2.51,2.392,1.891,1.65,3.497,2.986,4.916,6.359,2.004,2.03,1.68,5.849,7.025,6.511,5.474,2.122,6.214,4.037,4.067,2.05,7.127,7.395,6.375,5.87,6.625,1.74,5.897,6.958,1.454,2.744,2.613,3.856,7.078,6.535,6.059,3.581,7.59,1.888,1.896,2.354,2.08,1.55,6.554,4.381,4.73,5.61,5.1,5.835,6.668,2.02,6.721,7.316,2.5,3.907,1.63,1.85,3.989,5.684,6.376,2.314,1.44,6.539,2.23,2.435,4.251,3.248,6.342,6.529,6.487,3.817,6.058,6.313,2.047,1.91,2.48,4.827,4.43,6.482,6.569,3.21,3.242,1.64,3.733,1.75,7.262,2.9,7.455,5.07,2.773,2.82,..,5.316,4.367,6.277,1.86,3.976,5.577,6.973,7.219,..,1.99,1.5,1.709,6.725,7.643,4.068,7.081,7.15,1.99,6.443,2.672,4.823,6.223,2.481,6.209,2.243,5.685,6.474,4.893,6.373,5.725,1.6,3.424,2.03,6.135,7.844,6.783,2.486,1.72,8.299,6.534,3.884,5.694,5.174,5.041,5.183,2.28,2.25,2.607,5.806,2.43,1.89,8.461,6.203,6.386,7.206,7.292,..,6.69,1.82,2.32,2.064,6.748,7.012,4.98,6.85,2.22,3.408,4.703,3.985,6.802,3.895,1.68,1.55,7.094,5.688,6.653,3.392,5.219,7.216,5.553,3.284,5.243,4.405,5.17,7.1,1.95,5.505,1.9,2.726,5.112,5.575,4.2,5.046,3.138,8.71,7.087,6.865
1981,1.812,7.449,3.53,6.617,7.459,2.101,3.253,2.499,2.377,1.935,1.67,3.41,2.992,4.8,6.217,1.96,2.02,1.66,5.684,7.025,6.46,5.408,2.075,6.115,3.943,3.943,2,7.152,7.396,6.273,6.042,6.661,1.7,5.899,6.99,1.44,2.689,2.547,3.743,7.072,6.562,5.964,3.548,7.488,1.879,1.848,2.385,2,1.44,6.513,4.247,4.612,5.567,4.96,5.856,6.683,2.07,6.662,7.36,2.5,3.864,1.64,1.85,3.916,5.709,6.354,2.296,1.43,6.468,2.09,2.332,4.244,3.177,6.271,6.557,6.569,3.728,6.122,6.19,1.933,1.88,2.33,4.766,4.301,6.519,6.485,3.05,3.186,1.58,3.643,1.74,7.179,2.95,7.365,5.051,2.753,2.57,4.58,5.177,4.296,6.315,1.88,3.885,5.518,6.973,7.023,..,1.98,1.55,1.835,6.637,7.639,4.021,7.151,7.15,1.87,6.389,2.532,4.636,6.129,2.51,6.033,2.224,5.572,6.445,4.773,6.31,5.687,1.56,3.64,2.01,6.025,7.868,6.779,2.468,1.7,8.338,6.504,3.775,5.609,5.155,4.915,5.078,2.24,2.13,2.548,5.661,2.36,1.91,8.444,6.086,6.333,7.138,7.279,2.1,6.704,1.78,2.29,2.016,6.632,7.029,4.947,6.829,2.04,3.319,4.512,3.832,6.741,3.798,1.63,1.55,6.976,5.64,6.618,3.202,5.306,7.163,5.532,3.281,5.078,4.282,5.022,7.101,1.93,5.422,1.82,2.666,4.984,5.503,4.104,4.865,3.053,8.752,7.017,6.663
1982,1.827,7.45,3.452,6.43,7.461,2.098,3.204,2.503,2.364,1.929,1.66,3.343,2.988,4.688,6.058,1.922,2.05,1.61,5.51,7.021,6.402,5.346,2.034,5.988,3.838,3.84,2.01,7.165,7.399,6.17,6.193,6.688,1.69,5.904,7.023,1.433,2.648,2.536,3.632,7.056,6.587,5.86,3.521,7.383,1.9,1.831,2.415,2,1.43,6.471,4.122,4.501,5.516,4.82,5.88,6.693,2.07,6.567,7.397,2.3,3.813,1.71,1.86,3.858,5.721,6.324,2.284,1.41,6.392,2.03,2.236,4.243,3.128,6.185,6.581,6.64,3.64,6.154,6.062,1.86,1.8,2.27,4.703,4.167,6.523,6.407,2.94,3.13,1.56,3.559,1.77,7.072,3,7.268,5.022,2.734,2.39,4.88,5.018,4.24,6.345,1.97,3.802,5.453,6.964,6.826,..,1.97,1.49,1.953,6.554,7.621,3.974,7.203,7.15,1.9,6.335,2.412,4.463,6.02,2.546,5.864,2.208,5.44,6.42,4.644,6.231,5.645,1.5,3.42,1.95,5.902,7.882,6.767,2.449,1.71,8.352,6.474,3.675,5.515,5.126,4.795,4.978,2.34,2.07,2.49,5.5,2.17,2.04,8.41,5.968,6.276,7.047,7.245,..,6.715,1.74,2.28,1.93,6.525,7.052,4.909,6.813,1.94,3.223,4.328,3.692,6.674,3.715,1.62,1.56,6.843,5.613,6.58,3.024,5.384,7.094,5.475,3.261,4.915,4.155,4.895,7.101,1.98,5.35,1.78,2.615,4.868,5.43,4.014,4.691,3,8.793,6.946,6.451
1983,1.799,7.452,3.383,6.237,7.462,2.099,3.159,2.517,2.353,1.924,1.56,3.293,2.964,4.578,5.884,1.889,2.11,1.57,5.336,7.01,6.336,5.289,1.998,5.833,3.723,3.751,2.01,7.167,7.407,6.068,6.296,6.704,1.68,5.909,7.056,1.429,2.619,2.561,3.527,7.026,6.612,5.752,3.5,7.278,1.88,1.831,2.438,1.97,1.38,6.426,4.005,4.395,5.456,4.684,5.903,6.697,2.16,6.434,7.424,2.2,3.755,1.74,1.86,3.812,5.721,6.292,2.277,1.33,6.31,1.94,2.054,4.245,3.1,6.086,6.602,6.694,3.548,6.149,5.932,1.722,1.75,2.24,4.636,4.028,6.483,6.338,2.74,3.106,1.51,3.477,1.8,6.936,3.04,7.16,4.988,2.701,2.06,4.48,4.83,4.195,6.363,2.07,3.729,5.381,6.946,6.63,..,2.1,1.43,2.046,6.477,7.591,3.925,7.219,7.15,1.92,6.282,2.325,4.304,5.894,2.585,5.696,2.192,5.288,6.396,4.502,6.137,5.597,1.47,3.33,1.92,5.764,7.886,6.749,2.426,1.66,8.34,6.444,3.581,5.415,5.087,4.68,4.883,2.42,1.95,2.436,5.322,2.06,2.11,8.357,5.85,6.217,6.933,7.189,..,6.724,1.61,2.28,1.81,6.431,7.08,4.859,6.806,1.8,3.12,4.161,3.561,6.605,3.64,1.61,1.52,6.695,5.599,6.542,2.859,5.439,7.011,5.385,3.218,4.752,4.021,4.791,7.102,2.08,5.283,1.77,2.574,4.763,5.356,3.933,4.521,2.973,8.828,6.877,6.24
1984,1.806,7.455,3.323,6.038,7.459,2.098,3.123,2.538,2.342,1.84,1.52,3.259,2.919,4.47,5.698,1.858,2.11,1.54,5.17,6.994,6.262,5.238,1.964,5.652,3.6,3.675,2.01,7.159,7.418,5.97,6.338,6.707,1.65,5.914,7.089,1.429,2.601,2.607,3.43,6.982,6.636,5.644,3.482,7.176,1.87,1.838,2.453,1.97,1.4,6.378,3.896,4.293,5.383,4.554,5.926,6.693,2.17,6.265,7.437,2.2,3.693,1.69,1.86,3.774,5.709,6.258,2.275,1.29,6.223,1.83,2.107,4.243,3.092,5.977,6.619,6.727,3.452,6.106,5.802,1.559,1.75,2.08,4.563,3.887,6.392,6.276,2.58,3.082,1.46,3.394,1.81,6.773,3.08,7.042,4.952,2.65,1.74,4.82,4.61,4.16,6.369,2.09,3.665,5.302,6.917,6.435,..,2.07,1.42,2.104,6.41,7.545,3.872,7.189,7.15,1.95,6.231,2.16,4.158,5.752,2.62,5.526,2.175,5.117,6.375,4.351,6.027,5.546,1.49,3.17,1.93,5.612,7.88,6.726,2.399,1.66,8.299,6.415,3.494,5.312,5.037,4.568,4.795,2.37,1.9,2.387,5.128,2.26,2.06,8.282,5.734,6.158,6.798,7.111,..,6.729,1.62,2.26,1.74,6.349,7.112,4.792,6.806,1.73,3.012,4.014,3.439,6.535,3.57,1.66,1.53,6.534,5.588,6.504,2.707,5.467,6.915,5.266,3.151,4.59,3.883,4.711,7.103,2.09,5.215,1.77,2.546,4.669,5.282,3.861,4.359,2.967,8.853,6.81,6.034
1985,1.844,7.458,3.269,5.835,7.451,2.093,3.095,2.559,2.332,1.923,1.47,2.91,2.857,4.36,5.501,1.83,2.09,1.51,5.019,6.972,6.176,5.189,1.932,5.454,3.471,3.608,1.97,7.142,7.432,5.875,6.313,6.695,1.67,5.915,7.124,1.432,2.592,2.65,3.343,6.921,6.658,5.539,3.464,7.078,1.82,1.843,2.458,1.95,1.45,6.328,3.795,4.195,5.293,4.433,5.946,6.68,2.13,6.069,7.435,2.3,3.629,1.64,1.86,3.738,5.686,6.226,2.273,1.37,6.131,1.67,2.241,4.231,3.095,5.865,6.631,6.739,3.354,6.028,5.674,1.491,1.85,1.93,4.484,3.745,6.241,6.22,2.48,3.058,1.42,3.308,1.76,6.584,3.08,6.911,4.912,2.581,1.66,4.56,4.357,4.13,6.361,2.08,3.611,5.216,6.875,6.236,..,2.08,1.38,2.121,6.353,7.482,3.816,7.106,7.151,1.95,6.179,2.02,4.026,5.6,2.643,5.345,2.156,4.933,6.354,4.191,5.904,5.49,1.51,3,1.93,5.448,7.865,6.698,2.368,1.68,8.222,6.385,3.413,5.21,4.974,4.46,4.712,2.33,1.72,2.344,4.925,2.31,2.05,8.177,5.62,6.101,6.649,7.013,..,6.731,1.61,2.26,1.71,6.278,7.149,4.705,6.81,1.64,2.904,3.888,3.328,6.467,3.505,1.74,1.52,6.359,5.573,6.465,2.571,5.47,6.808,5.128,3.06,4.425,3.741,4.65,7.103,2.06,5.139,1.79,2.53,4.585,5.209,3.794,4.205,2.973,8.864,6.746,5.836
1986,1.837,7.46,3.217,5.627,7.435,2.083,3.075,2.578,2.32,1.868,1.45,2.9,2.789,4.245,5.298,1.805,2.09,1.54,4.886,6.942,6.075,5.139,1.9,5.245,3.342,3.546,2.02,7.119,7.443,5.784,6.226,6.667,1.675,5.91,7.161,1.437,2.589,2.666,3.269,6.842,6.679,5.44,3.441,6.984,1.76,1.839,2.456,1.92,1.48,6.28,3.703,4.1,5.182,4.322,5.962,6.659,2.18,5.857,7.418,2.4,3.568,1.6,1.85,3.697,5.653,6.196,2.269,1.43,6.032,1.6,2.044,4.2,3.099,5.757,6.637,6.734,3.263,5.921,5.55,1.367,1.84,1.92,4.399,3.606,6.024,6.164,2.44,3.034,1.35,3.223,1.72,6.375,3.135,6.763,4.871,2.503,1.58,4.47,4.074,4.1,6.342,2.12,3.563,5.125,6.82,6.023,..,2.12,1.43,2.094,6.307,7.395,3.759,6.967,7.153,1.93,6.126,1.99,3.904,5.446,2.646,5.14,2.137,4.742,6.332,4.028,5.771,5.431,1.55,3.17,1.96,5.278,7.845,6.664,2.335,1.71,8.101,6.354,3.336,5.11,4.9,4.354,4.632,2.22,1.66,2.308,4.718,2.39,2.15,8.038,5.51,6.046,6.495,6.902,..,6.732,1.43,2.2,1.67,6.211,7.191,4.592,6.816,1.56,2.8,3.781,3.23,6.401,3.445,1.8,1.53,6.168,5.543,6.424,2.451,5.457,6.69,4.989,2.949,4.252,3.598,4.603,7.103,2.08,5.047,1.78,2.524,4.509,5.141,3.73,4.062,2.986,8.858,6.685,5.642
1987,1.872,7.461,3.164,5.412,7.409,2.073,3.059,2.591,2.307,1.845,1.43,2.9026,2.729,4.124,5.092,1.782,2.03,1.54,4.771,6.904,5.956,5.087,1.868,5.037,3.217,3.488,1.96,7.092,7.448,5.695,6.097,6.626,1.68,5.897,7.199,1.444,2.59,2.643,3.208,6.749,6.699,5.347,3.412,6.892,1.64,1.823,2.45,1.91,1.5,6.234,3.62,4.007,5.052,4.221,5.974,6.631,2.27,5.646,7.387,2.4,3.512,1.59,1.83,3.645,5.611,6.168,2.26,1.43,5.928,1.5,2.083,4.146,3.097,5.658,6.637,6.717,3.186,5.799,5.432,1.311,1.82,2.06,4.311,3.472,5.748,6.105,2.32,3.01,1.33,3.142,1.69,6.156,3.19,6.599,4.829,2.429,1.53,4.43,3.777,4.065,6.313,2.15,3.52,5.029,6.752,5.79,..,2.11,1.4,2.031,6.27,7.287,3.703,6.78,7.156,1.97,6.069,2.05,3.79,5.299,2.625,4.906,2.12,4.554,6.308,3.867,5.632,5.371,1.56,3.25,2.03,5.104,7.824,6.625,2.301,1.74,7.933,6.318,3.262,5.018,4.818,4.247,4.554,2.15,1.62,2.279,4.516,2.38,2.22,7.863,5.404,5.992,6.342,6.785,..,6.731,1.62,2.14,1.65,6.139,7.238,4.458,6.816,1.49,2.703,3.683,3.144,6.337,3.391,1.84,1.52,5.962,5.495,6.379,2.346,5.444,6.566,4.864,2.827,4.07,3.461,4.557,7.102,2.05,4.934,1.81,2.524,4.5,5.078,3.665,3.929,2.997,8.833,6.624,5.448
1988,1.934,7.461,3.108,5.191,7.373,2.067,3.042,2.592,2.291,1.831,1.45,2.8,2.683,3.997,4.887,1.765,2.031,1.57,4.671,6.858,5.819,5.028,1.835,4.839,3.101,3.428,1.97,7.064,7.444,5.603,5.944,6.573,1.68,5.876,7.238,1.455,2.591,2.575,3.158,6.644,6.717,5.262,3.373,6.801,1.79,1.797,2.442,1.94,1.56,6.188,3.544,3.917,4.906,4.129,5.982,6.596,2.27,5.447,7.347,2.6,3.465,1.69,1.81,3.579,5.562,6.142,2.243,1.46,5.82,1.5,2.317,4.068,3.082,5.572,6.631,6.693,3.127,5.673,5.321,1.4,1.81,2.26,4.222,3.346,5.427,6.039,2.17,2.948,1.36,3.069,1.66,5.938,3.13,6.425,4.784,2.369,1.55,4.26,3.482,4.02,6.274,2.11,3.475,4.929,6.673,5.533,..,2.02,1.51,1.944,6.237,7.16,3.65,6.555,7.161,2.06,6.009,2.14,3.68,5.167,2.578,4.644,2.104,4.374,6.281,3.714,5.493,5.308,1.55,3.1,2.1,4.931,7.803,6.582,2.269,1.84,7.719,6.276,3.19,4.934,4.73,4.138,4.476,2.13,1.61,2.256,4.329,2.3,2.12,7.657,5.303,5.938,6.194,6.668,..,6.73,1.96,2.13,1.63,6.056,7.289,4.306,6.808,1.45,2.617,3.589,3.072,6.274,3.345,1.96,1.57,5.746,5.427,6.328,2.256,5.441,6.437,4.763,2.7,3.878,3.331,4.504,7.1,2.02,4.797,1.82,2.525,4.28,5.022,3.597,3.802,2.999,8.786,6.563,5.252
1989,2.014,7.461,3.046,4.962,7.328,2.064,3.022,2.578,2.272,1.838,1.45,2.8,2.655,3.866,4.686,1.75,2.026,1.58,4.584,6.805,5.664,4.963,1.803,4.654,2.995,3.363,1.9,7.036,7.43,5.504,5.777,6.509,1.77,5.847,7.276,1.468,2.589,2.46,3.117,6.531,6.733,5.185,3.324,6.71,1.63,1.759,2.43,1.87,1.62,6.137,3.475,3.829,4.747,4.043,5.986,6.552,2.22,5.267,7.298,2.7,3.427,1.71,1.79,3.498,5.505,6.118,2.217,1.42,5.71,1.4,2.299,3.966,3.053,5.5,6.618,6.663,3.089,5.549,5.218,1.296,1.82,2.19,4.132,3.229,5.07,5.965,2.08,2.886,1.33,3.003,1.57,5.725,2.82,6.244,4.738,2.323,1.56,3.92,3.205,3.875,6.222,2.05,3.428,4.826,6.587,5.256,..,1.98,1.52,1.838,6.208,7.019,3.6,6.295,7.164,2.1,5.946,2.23,3.574,5.052,2.506,4.356,2.091,4.205,6.248,3.573,5.354,5.242,1.55,2.97,2.12,4.762,7.786,6.537,2.238,1.89,7.462,6.225,3.121,4.861,4.639,4.026,4.397,2.08,1.57,2.236,4.159,2.22,2.01,7.427,5.208,5.884,6.052,6.555,..,6.726,1.75,2.07,1.52,5.961,7.343,4.139,6.789,1.4,2.544,3.495,3.01,6.213,3.304,2.01,1.56,5.526,5.336,6.273,2.179,5.452,6.309,4.691,2.574,3.678,3.213,4.436,7.097,1.92,4.636,1.79,2.525,4.179,4.971,3.524,3.68,2.987,8.713,6.502,5.055
1990,2.081,7.466,2.978,4.726,7.272,2.067,2.997,2.544,2.249,1.902,1.46,2.74,2.64,3.732,4.495,1.74,1.913,1.62,4.508,6.744,5.493,4.89,1.772,4.485,2.902,3.29,1.82,7.007,7.405,5.392,5.601,6.436,1.83,5.811,7.313,1.483,2.579,2.309,3.082,6.412,6.746,5.119,3.264,6.622,1.63,1.714,2.411,1.9,1.67,6.073,3.411,3.744,4.58,3.964,5.987,6.496,2.05,5.106,7.246,2.8,3.398,1.78,1.77,3.401,5.442,6.096,2.18,1.45,5.602,1.39,2.444,3.842,3.013,5.437,6.598,6.627,3.069,5.43,5.123,1.272,1.87,2.3,4.045,3.122,4.691,5.882,2.11,2.824,1.33,2.947,1.54,5.521,2.72,6.066,4.688,2.289,1.57,3.9,2.967,3.63,6.151,2.02,3.372,4.721,6.499,4.966,..,2.03,1.6,1.722,6.179,6.872,3.554,6.003,7.165,2.04,5.881,2.32,3.47,4.958,2.414,4.052,2.078,4.047,6.211,3.447,5.219,5.172,1.62,3.18,2.18,4.596,7.772,6.49,2.206,1.93,7.165,6.164,3.057,4.802,4.547,3.912,4.32,2.06,1.56,2.219,4.013,1.83,1.892,7.184,5.118,5.828,5.911,6.448,..,6.721,1.83,2.09,1.46,5.851,7.398,3.964,6.761,1.36,2.483,3.399,2.956,6.152,3.267,2.13,1.58,5.309,5.225,6.213,2.113,5.478,6.185,4.644,2.453,3.476,3.107,4.344,7.091,1.844,4.454,1.83,2.52,4.072,4.926,3.448,3.553,2.954,8.606,6.442,4.862
1991,2.062,7.479,2.905,4.479,7.208,2.075,2.965,2.484,2.221,1.849,1.51,2.87,2.633,3.599,4.315,1.733,1.805,1.66,4.436,6.677,5.306,4.81,1.748,4.33,2.822,3.206,1.66,6.979,7.371,5.259,5.421,6.354,1.7,5.771,7.346,1.499,2.558,2.14,3.047,6.291,6.758,5.064,3.193,6.536,1.53,1.668,2.381,1.86,1.68,5.986,3.349,3.665,4.413,3.889,5.985,6.423,1.8,4.962,7.193,2.6,3.374,1.79,1.75,3.291,5.371,6.077,2.132,1.33,5.499,1.37,2.421,3.701,2.969,5.38,6.57,6.582,3.063,5.317,5.039,1.281,1.87,2.18,3.959,3.022,4.304,5.793,2.08,2.762,1.3,2.899,1.53,5.326,2.61,5.901,4.635,2.262,1.71,3.58,2.791,3.58,6.054,1.86,3.306,4.614,6.415,4.67,..,2.01,1.6,1.605,6.149,6.728,3.51,5.68,7.159,1.99,5.818,2.3,3.369,4.882,2.309,3.746,2.063,3.896,6.167,3.338,5.087,5.099,1.61,3.15,2.16,4.432,7.761,6.443,2.171,1.92,6.831,6.091,2.999,4.756,4.457,3.794,4.246,2.07,1.56,2.201,3.893,1.59,1.732,6.942,5.034,5.769,5.761,6.346,1.8,6.711,1.73,2.05,1.42,5.728,7.455,3.784,6.726,1.33,2.433,3.302,2.907,6.091,3.231,2.11,1.58,5.106,5.1,6.148,2.055,5.515,6.068,4.612,2.339,3.276,3.016,4.222,7.082,1.773,4.253,1.82,2.509,4.199,4.883,3.37,3.415,2.895,8.459,6.384,4.676
1992,2.046,7.502,2.829,4.223,7.138,2.088,2.925,2.4,2.187,1.888,1.51,2.74,2.623,3.471,4.146,1.728,1.764,1.65,4.363,6.603,5.11,4.726,1.73,4.183,2.754,3.111,1.55,6.95,7.329,5.102,5.237,6.264,1.71,5.729,7.376,1.518,2.526,1.977,3.01,6.171,6.767,5.019,3.114,6.454,1.48,1.628,2.337,1.71,1.76,5.869,3.287,3.591,4.253,3.815,5.984,6.332,1.71,4.827,7.141,2.5,3.352,1.85,1.74,3.175,5.292,6.059,2.076,1.29,5.403,1.36,2.607,3.551,2.929,5.32,6.535,6.526,3.066,5.208,4.963,1.347,1.77,2.21,3.877,2.929,3.923,5.7,1.99,2.7,1.3,2.86,1.502,5.138,2.5,5.755,4.576,2.235,1.76,2.96,2.682,3.52,5.928,1.73,3.228,4.506,6.337,4.381,..,1.97,1.64,1.494,6.116,6.596,3.466,5.332,7.146,2.07,5.759,2.37,3.273,4.82,2.199,3.45,2.046,3.746,6.119,3.244,4.958,5.02,1.59,2.99,2.12,4.267,7.752,6.395,2.131,1.88,6.472,6.007,2.95,4.723,4.368,3.673,4.177,1.95,1.54,2.179,3.795,1.51,1.552,6.713,4.956,5.704,5.594,6.246,..,6.696,1.72,1.93,1.33,5.596,7.512,3.607,6.686,1.31,2.39,3.203,2.86,6.028,3.195,2.09,1.58,4.92,4.967,6.081,2.003,5.556,5.96,4.583,2.231,3.085,2.937,4.071,7.071,1.674,4.041,1.79,2.491,4.004,4.841,3.292,3.26,2.812,8.272,6.329,4.503
1993,2.019,7.535,2.751,3.962,7.065,2.107,2.879,2.297,2.149,1.859,1.5,2.7,2.602,3.352,3.99,1.725,1.623,1.61,4.286,6.526,4.909,4.64,1.72,4.041,2.693,3.007,1.46,6.917,7.284,4.921,5.052,6.17,1.7,5.689,7.399,1.536,2.484,1.838,2.968,6.053,6.773,4.982,3.029,6.374,1.52,1.6,2.278,1.67,1.75,5.721,3.226,3.524,4.103,3.74,5.981,6.223,1.49,4.694,7.092,2.5,3.33,1.81,1.73,3.059,5.205,6.041,2.013,1.28,5.317,1.32,2.578,3.401,2.899,5.252,6.493,6.458,3.071,5.099,4.893,1.342,1.68,2.22,3.799,2.842,3.562,5.607,1.9,2.8,1.25,2.826,1.458,4.958,2.3,5.633,4.512,2.202,1.654,2.84,2.641,3.2,5.772,1.51,3.14,4.397,6.269,4.109,..,1.74,1.7,1.394,6.078,6.48,3.422,4.969,7.124,1.96,5.704,2.21,3.182,4.766,2.093,3.18,2.025,3.595,6.067,3.164,4.83,4.934,1.57,2.86,2.05,4.102,7.743,6.348,2.085,1.86,6.098,5.912,2.909,4.7,4.282,3.552,4.113,1.87,1.52,2.153,3.714,1.43,1.385,6.505,4.882,5.635,5.407,6.146,..,6.674,1.74,1.87,1.33,5.461,7.566,3.438,6.644,1.26,2.353,3.104,2.811,5.964,3.156,1.99,1.51,4.757,4.834,6.013,1.956,5.597,5.861,4.547,2.131,2.907,2.868,3.898,7.057,1.563,3.827,1.76,2.466,3.8,4.798,3.218,3.089,2.712,8.048,6.278,4.346
1994,2.001,7.572,2.672,3.702,6.99,2.128,2.828,2.179,2.108,1.842,1.47,2.52,2.568,3.244,3.846,1.725,1.533,1.56,4.201,6.446,4.704,4.553,1.713,3.904,2.639,2.897,1.37,6.882,7.235,4.72,4.867,6.073,1.6695,5.652,7.416,1.554,2.432,1.731,2.918,5.941,6.777,4.953,2.941,6.298,1.47,1.584,2.206,1.44,1.81,5.546,3.163,3.461,3.967,3.662,5.978,6.1,1.42,4.563,7.043,2.4,3.305,1.85,1.73,2.946,5.113,6.023,1.946,1.24,5.239,1.33,2.527,3.254,2.881,5.174,6.444,6.381,3.074,4.991,4.826,1.355,1.64,2.14,3.723,2.761,3.231,5.513,1.85,2.9,1.21,2.797,1.5,4.787,2.28,5.535,4.445,2.164,1.656,2.71,2.66,2.9,5.589,1.39,3.042,4.291,6.21,3.859,..,1.57,1.72,1.308,6.033,6.384,3.372,4.6,7.094,1.84,5.655,2.25,3.097,4.716,1.994,2.941,2.002,3.445,6.015,3.097,4.703,4.839,1.57,2.7,2,3.937,7.734,6.303,2.033,1.87,5.72,5.808,2.877,4.683,4.196,3.432,4.056,1.81,1.45,2.122,3.647,1.4,1.4,6.324,4.815,5.562,5.2,6.046,..,6.645,1.71,1.67,1.32,5.326,7.615,3.283,6.601,1.19,2.32,3.001,2.76,5.897,3.115,1.88,1.49,4.617,4.705,5.946,1.911,5.638,5.772,4.501,2.04,2.747,2.809,3.707,7.039,1.47,3.618,1.74,2.436,3.537,4.754,3.147,2.904,2.599,7.795,6.231,4.207
1995,1.978,7.606,2.591,3.448,6.918,2.15,2.773,2.056,2.064,1.822,1.42,2.29,2.515,3.147,3.713,1.727,1.406,1.56,4.109,6.364,4.5,4.466,1.706,3.774,2.588,2.785,1.23,6.844,7.185,4.505,4.685,5.978,1.639,5.618,7.425,1.567,2.372,1.66,2.862,5.835,6.779,4.93,2.85,6.225,1.58,1.58,2.124,1.28,1.8,5.352,3.101,3.403,3.844,3.577,5.971,5.965,1.38,4.434,6.991,2.5,3.276,1.81,1.74,2.841,5.016,6.004,1.879,1.25,5.168,1.28,2.512,3.116,2.872,5.087,6.391,6.294,3.074,4.884,4.756,1.295,1.57,2.08,3.651,2.688,2.941,5.419,1.84,2.9,1.19,2.768,1.422,4.63,2.26,5.459,4.374,2.122,1.634,2.7,2.72,3.1,5.385,1.25,2.936,4.189,6.158,3.636,..,1.55,1.7,1.236,5.979,6.309,3.313,4.237,7.058,1.77,5.612,2.14,3.018,4.664,1.901,2.738,1.977,3.298,5.965,3.042,4.574,4.731,1.53,2.59,1.99,3.775,7.725,6.262,1.977,1.87,5.346,5.694,2.852,4.668,4.108,3.315,4.005,1.62,1.41,2.086,3.588,1.33,1.337,6.172,4.751,5.487,4.98,5.945,1.7,6.608,1.67,1.52,1.29,5.197,7.654,3.144,6.554,1.16,2.291,2.892,2.703,5.829,3.072,1.73,1.48,4.501,4.58,5.883,1.867,5.684,5.695,4.447,1.961,2.606,2.755,3.512,7.018,1.397,3.418,1.71,2.401,3.596,4.708,3.082,2.714,2.481,7.525,6.189,4.088
1996,1.976,7.629,2.507,3.208,6.851,2.17,2.718,1.938,2.021,1.796,1.45,2.06,2.444,3.062,3.591,1.732,1.335,1.59,4.01,6.282,4.297,4.381,1.69,3.654,2.536,2.677,1.23,6.801,7.135,4.287,4.504,5.886,1.592,5.589,7.426,1.573,2.306,1.622,2.802,5.736,6.777,4.913,2.755,6.154,1.67,1.585,2.036,1.18,1.75,5.152,3.04,3.345,3.733,3.482,5.96,5.825,1.37,4.311,6.931,2.6,3.244,1.76,1.75,2.745,4.916,5.983,1.812,1.3,5.102,1.26,2.493,2.988,2.87,4.993,6.334,6.201,3.069,4.777,4.678,1.191,1.46,2.12,3.582,2.627,2.696,5.325,1.88,2.9,1.2,2.738,1.425,4.489,2.13,5.4,4.304,2.08,1.574,2.7,2.796,2.8,5.165,1.16,2.826,4.094,6.11,3.439,..,1.49,1.77,1.174,5.912,6.253,3.238,3.888,7.02,1.99,5.572,2.12,2.946,4.608,1.811,2.57,1.951,3.16,5.921,2.998,4.44,4.606,1.53,2.65,1.96,3.62,7.716,6.224,1.919,1.89,4.981,5.571,2.83,4.653,4.014,3.203,3.961,1.59,1.44,1.94,3.532,1.3,1.27,6.046,4.692,5.414,4.754,5.843,..,6.564,1.66,1.47,1.28,5.077,7.68,3.023,6.503,1.14,2.268,2.772,2.641,5.758,3.03,1.6,1.5,4.402,4.456,5.828,1.823,5.746,5.628,4.391,1.896,2.485,2.705,3.323,6.994,1.332,3.232,1.73,2.364,3.32,4.662,3.022,2.529,2.367,7.251,6.153,3.989
1997,1.971,7.632,2.422,2.988,6.789,2.187,2.666,1.832,1.978,1.778,1.39,2.07,2.358,2.987,3.478,1.74,1.25,1.6,3.908,6.199,4.095,4.297,1.662,3.546,2.483,2.578,1.09,6.754,7.083,4.074,4.325,5.799,1.55,5.564,7.419,1.572,2.238,1.605,2.742,5.642,6.774,4.9,2.657,6.084,1.69,1.593,1.946,1.17,1.75,4.958,2.983,3.288,3.629,3.377,5.941,5.686,1.32,4.195,6.858,2.5,3.209,1.75,1.77,2.66,4.815,5.96,1.749,1.35,5.036,1.27,2.69,2.87,2.867,4.895,6.273,6.105,3.061,4.669,4.588,1.127,1.37,2.04,3.514,2.579,2.489,5.23,1.93,2.94,1.21,2.704,1.388,4.367,2,5.348,4.235,2.044,1.52,2.46,2.861,2.6,4.939,1.11,2.714,4.007,6.059,3.265,..,1.47,1.71,1.116,5.835,6.209,3.145,3.56,6.983,1.93,5.533,2.04,2.88,4.544,1.719,2.429,1.927,3.036,5.886,2.963,4.3,4.464,1.56,2.67,1.96,3.473,7.707,6.19,1.864,1.86,4.63,5.442,2.81,4.632,3.911,3.099,3.922,1.51,1.47,1.9,3.473,1.32,1.218,5.936,4.637,5.345,4.533,5.741,1.6,6.512,1.61,1.43,1.25,4.968,7.691,2.919,6.444,1.15,2.252,2.641,2.576,5.686,2.99,1.52,1.48,4.314,4.332,5.78,1.781,5.826,5.569,4.34,1.843,2.379,2.657,3.154,6.967,1.27,3.062,1.72,2.328,3.082,4.616,2.967,2.359,2.266,6.986,6.121,3.907
1998,1.999,7.61,2.334,2.796,6.732,2.199,2.618,1.747,1.939,1.762,1.37,2,2.264,2.919,3.371,1.75,1.3,1.6,3.805,6.118,3.895,4.214,1.619,3.452,2.426,2.489,1.11,6.704,7.03,3.876,4.146,5.718,1.529333333,5.541,7.405,1.562,2.172,1.597,2.683,5.552,6.768,4.889,2.558,6.014,1.45,1.6,1.861,1.16,1.72,4.78,2.93,3.228,3.529,3.263,5.914,5.553,1.28,4.09,6.769,2.3,3.171,1.7,1.78,2.585,4.716,5.935,1.692,1.36,4.969,1.24,2.457,2.762,2.86,4.797,6.211,6.009,3.05,4.561,4.484,1.016,1.32,2.05,3.446,2.544,2.317,5.133,1.94,2.98,1.21,2.666,1.384,4.264,1.8,5.296,4.17,2.017,1.448,2.57,2.895,2.7,4.717,1.09,2.606,3.928,6.003,3.109,..,1.46,1.68,1.059,5.748,6.17,3.036,3.259,6.95,1.84,5.495,1.97,2.821,4.471,1.623,2.31,1.906,2.93,5.859,2.933,4.157,4.306,1.63,2.54,1.89,3.339,7.698,6.159,1.812,1.81,4.297,5.308,2.789,4.604,3.798,3.002,3.886,1.44,1.47,1.9,3.407,1.32,1.232,5.835,4.587,5.282,4.325,5.639,..,6.455,1.48,1.37,1.23,4.872,7.686,2.829,6.377,1.13,2.242,2.499,2.509,5.614,2.955,1.5,1.47,4.232,4.207,5.741,1.742,5.921,5.515,4.3,1.801,2.287,2.607,3.013,6.937,1.207,2.907,1.71,2.295,2.815,4.573,2.915,2.213,2.185,6.738,6.093,3.839
1999,2.007,7.561,2.246,2.635,6.683,2.203,2.577,1.685,1.903,1.755,1.34,2.07,2.166,2.856,3.269,1.762,1.31,1.62,3.703,6.038,3.701,4.133,1.562,3.371,2.365,2.413,1.23,6.65,6.976,3.697,3.971,5.645,1.508666667,5.52,7.384,1.546,2.11,1.595,2.627,5.466,6.76,4.88,2.459,5.943,1.38,1.603,1.783,1.13,1.73,4.622,2.882,3.166,3.432,3.144,5.878,5.43,1.3,3.997,6.664,2.3,3.132,1.73,1.81,2.52,4.62,5.908,1.643,1.36,4.899,1.23,2.415,2.666,2.846,4.699,6.147,5.913,3.036,4.452,4.367,0.981,1.28,1.99,3.379,2.523,2.177,5.036,1.9,2.965,1.23,2.623,1.342,4.178,1.7,5.239,4.11,1.999,1.41,2.88,2.89,2.6,4.506,1.16,2.502,3.857,5.939,2.97,..,1.46,1.74,1.002,5.653,6.133,2.913,2.993,6.921,1.73,5.455,2.05,2.766,4.39,1.527,2.214,1.888,2.842,5.84,2.906,4.014,4.135,1.65,2.48,1.97,3.218,7.689,6.131,1.765,1.85,3.989,5.172,2.767,4.569,3.678,2.917,3.85,1.38,1.5,1.97425,3.329,1.3,1.157,5.737,4.541,5.226,4.137,5.541,..,6.39,1.47,1.33,1.21,4.789,7.664,2.754,6.303,1.17,2.239,2.35,2.442,5.542,2.923,1.5,1.48,4.152,4.084,5.711,1.705,6.023,5.466,4.27,1.772,2.208,2.556,2.903,6.903,1.121,2.768,1.68,2.265,2.72,4.531,2.867,2.096,2.129,6.514,6.065,3.786
2000,2.056,7.485,2.157,2.514,6.639,2.2,2.542,1.648,1.872,1.756,1.36,2,2.073,2.795,3.169,1.775,1.317,1.67,3.601,5.962,3.515,4.051,1.497,3.304,2.3,2.346,1.26,6.592,6.92,3.539,3.805,5.58,1.488,5.5,7.354,1.526,2.055,1.596,2.572,5.384,6.751,4.871,2.363,5.87,1.39,1.603,1.716,1.15,1.77,4.484,2.839,3.102,3.34,3.022,5.834,5.321,1.36,3.915,6.543,2.6,3.09,1.73,1.89,2.463,4.533,5.879,1.608,1.38,4.826,1.25,2.329,2.582,2.824,4.598,6.082,5.82,3.017,4.344,4.237,1.032,1.32,2.08,3.311,2.512,2.067,4.94,1.89,2.95,1.26,2.577,1.359,4.109,1.8,5.178,4.058,1.991,1.467,2.95,2.845,2.4,4.311,1.25,2.405,3.792,5.866,2.851,1.57,1.39,1.76,0.95,5.551,6.098,2.784,2.771,6.897,1.68,5.413,1.99,2.716,4.3,1.435,2.141,1.875,2.771,5.826,2.878,3.88,3.955,1.72,2.59,1.98,3.111,7.679,6.106,1.723,1.85,3.716,5.037,2.744,4.525,3.553,2.845,3.811,1.37,1.55,2.0485,3.236,1.31,1.195,5.64,4.503,5.176,3.971,5.448,1.48,6.319,1.6,1.3,1.26,4.719,7.627,2.694,6.223,1.22,2.24,2.202,2.379,5.471,2.895,1.54,1.5,4.076,3.967,5.689,1.671,6.113,5.419,4.25,1.753,2.142,2.503,2.824,6.866,1.11,2.644,1.64,2.237,2.58,4.492,2.822,2.01,2.06,6.313,6.036,3.748
2001,2.03,7.387,2.068,2.438,6.601,2.187,2.512,1.634,1.846,1.739,1.33,1.8,1.993,2.731,3.07,1.785,1.286,1.67,3.497,5.889,3.342,3.969,1.432,3.248,2.232,2.284,1.21,6.531,6.862,3.399,3.654,5.524,1.5104,5.48,7.315,1.508,2.009,1.597,2.516,5.307,6.74,4.862,2.275,5.793,1.46,1.598,1.66,1.15,1.74,4.359,2.799,3.037,3.253,2.903,5.785,5.227,1.32,3.848,6.407,2.3,3.044,1.73,1.9,2.415,4.455,5.849,1.589,1.35,4.753,1.25,2.51,2.512,2.794,4.49,6.015,5.73,2.992,4.237,4.098,0.931,1.31,1.95,3.244,2.509,1.983,4.847,1.94,2.92,1.25,2.529,1.33,4.056,1.9,5.112,4.015,1.988,1.297,2.8,2.772,2.4,4.137,1.22,2.313,3.732,5.785,2.751,1.52,1.29,1.66,0.906,5.447,6.065,2.657,2.596,6.878,1.48,5.369,1.91,2.669,4.204,1.354,2.095,1.865,2.715,5.813,2.845,3.763,3.772,1.71,2.43,1.97,3.019,7.669,6.083,1.683,1.78,3.484,4.904,2.72,4.475,3.431,2.789,3.766,1.31,1.45,1.9346,3.124,1.27,1.223,5.542,4.476,5.131,3.83,5.365,1.58,6.242,1.41,1.2,1.21,4.659,7.577,2.652,6.139,1.23,2.246,2.06,2.321,5.402,2.868,1.57,1.38,4.007,3.862,5.675,1.641,6.171,5.372,4.236,1.744,2.088,2.451,2.77,6.823,1.085,2.533,1.63,2.211,2.46,4.454,2.779,1.954,1.9,6.13,6.003,3.725
2002,2.02,7.272,1.981,2.403,6.567,2.166,2.486,1.635,1.823,1.756,1.39,1.8,1.931,2.663,2.973,1.793,1.24,1.65,3.392,5.82,3.183,3.885,1.374,3.2,2.163,2.22,1.23,6.468,6.801,3.271,3.521,5.475,1.5014,5.459,7.268,1.496,1.972,1.6,2.458,5.235,6.73,4.854,2.195,5.713,1.42,1.59,1.614,1.17,1.72,4.24,2.762,2.972,3.173,2.792,5.731,5.145,1.36,3.792,6.262,2.6,2.995,1.72,1.88,2.371,4.388,5.818,1.586,1.34,4.681,1.28,2.566,2.455,2.758,4.372,5.947,5.641,2.961,4.132,3.956,0.941,1.3,1.93,3.176,2.511,1.922,4.758,1.97,2.89,1.27,2.482,1.32,4.013,2,5.045,3.979,1.988,1.166,2.66,2.69,2.4,3.983,1.26,2.225,3.674,5.699,2.671,1.47,1.23,1.63,0.875,5.342,6.033,2.539,2.465,6.861,1.45,5.323,1.94,2.623,4.105,1.29,2.078,1.858,2.67,5.794,2.807,3.67,3.593,1.73,2.33,1.89,2.941,7.658,6.06,1.644,1.75,3.293,4.774,2.698,4.422,3.315,2.749,3.712,1.25,1.46,1.8317,2.996,1.27,1.286,5.443,4.46,5.09,3.708,5.292,1.57,6.158,1.37,1.19,1.21,4.606,7.517,2.624,6.054,1.25,2.254,1.933,2.271,5.334,2.84,1.65,1.39,3.948,3.773,5.666,1.616,6.182,5.326,4.221,1.744,2.046,2.4,2.73,6.776,1.126,2.432,1.63,2.184,2.52,4.416,2.739,1.92,2.21,5.954,5.963,3.718
2003,2.047,7.148,1.897,2.405,6.533,2.14,2.461,1.645,1.803,1.748,1.38,1.9,1.889,2.59,2.876,1.797,1.232,1.67,3.286,5.754,3.037,3.798,1.33,3.159,2.097,2.154,1.26,6.403,6.736,3.151,3.406,5.431,1.5251,5.436,7.212,1.492,1.943,1.604,2.395,5.167,6.718,4.846,2.124,5.63,1.41,1.583,1.576,1.18,1.76,4.118,2.725,2.911,3.106,2.691,5.675,5.073,1.37,3.745,6.112,2.5,2.944,1.76,1.89,2.331,4.332,5.787,1.599,1.34,4.612,1.29,2.372,2.409,2.718,4.245,5.877,5.555,2.924,4.029,3.815,0.901,1.27,1.99,3.109,2.513,1.878,4.676,1.96,2.95,1.29,2.439,1.29,3.977,2.03,4.979,3.95,1.986,1.18,2.34,2.614,2.5,3.845,1.32,2.142,3.616,5.61,2.609,1.36,1.26,1.62,0.86,5.24,6,2.438,2.372,6.842,1.48,5.277,1.87,2.579,4.007,1.247,2.087,1.852,2.632,5.768,2.763,3.604,3.422,1.75,2.27,1.93,2.874,7.645,6.036,1.605,1.8,3.142,4.648,2.679,4.368,3.21,2.723,3.65,1.22,1.44,1.7624,2.858,1.3,1.32,5.342,4.454,5.049,3.601,5.232,1.59,6.067,1.27,1.2,1.2,4.558,7.451,2.608,5.969,1.3,2.263,1.826,2.229,5.268,2.811,1.71,1.39,3.899,3.703,5.659,1.595,6.137,5.279,4.202,1.749,2.016,2.353,2.698,6.723,1.172,2.337,1.7,2.156,2.36,4.378,2.701,1.901,2.07,5.778,5.915,3.725
2004,2.051,7.016,1.821,2.438,6.499,2.109,2.438,1.659,1.787,1.768,1.42,2.0535,1.867,2.514,2.782,1.795,1.233,1.72,3.18,5.691,2.906,3.71,1.301,3.122,2.033,2.086,1.33,6.335,6.666,3.038,3.309,5.39,1.5258,5.411,7.147,1.496,1.923,1.608,2.33,5.103,6.705,4.838,2.065,5.545,1.43,1.576,1.545,1.23,1.78,3.994,2.689,2.853,3.052,2.604,5.618,5.007,1.47,3.704,5.961,2.6,2.893,1.8,1.92,2.291,4.286,5.756,1.625,1.36,4.548,1.31,2.415,2.373,2.677,4.11,5.804,5.47,2.883,3.931,3.677,0.922,1.28,2.04,3.041,2.515,1.846,4.6,1.93,2.9,1.34,2.398,1.29,3.943,2.21,4.913,3.927,1.982,1.154,2.53,2.548,2.6,3.724,1.29,2.066,3.558,5.52,2.563,1.44,1.27,1.66,0.862,5.141,5.963,2.355,2.313,6.821,1.4,5.23,1.92,2.536,3.912,1.224,2.121,1.847,2.598,5.733,2.713,3.565,3.263,1.72,2.18,1.98,2.816,7.63,6.011,1.566,1.83,3.029,4.528,2.663,4.315,3.119,2.706,3.579,1.23,1.4,1.7822,2.713,1.33,1.344,5.239,4.456,5.007,3.505,5.185,1.57,5.969,1.26,1.25,1.25,4.513,7.381,2.603,5.885,1.31,2.271,1.74,2.196,5.204,2.781,1.75,1.42,3.857,3.652,5.651,1.58,6.033,5.231,4.177,1.758,1.997,2.31,2.671,6.662,1.218,2.247,1.75,2.126,2.46,4.34,2.664,1.894,2.17,5.601,5.859,3.744
2005,2.057,6.875,1.755,2.496,6.461,2.077,2.416,1.675,1.774,1.807,1.41,2,1.863,2.436,2.691,1.788,1.252,1.76,3.077,5.632,2.788,3.621,1.288,3.091,1.976,2.022,1.37,6.265,6.593,2.933,3.227,5.35,1.5434,5.383,7.074,1.509,1.909,1.612,2.263,5.042,6.69,4.829,2.016,5.46,1.5,1.573,1.52,1.29,1.8,3.867,2.653,2.8,3.019,2.529,5.559,4.945,1.52,3.663,5.812,2.6,2.846,1.8,1.94,2.254,4.251,5.725,1.664,1.34,4.49,1.34,2.377,2.344,2.636,3.971,5.729,5.389,2.84,3.836,3.545,0.959,1.31,2.05,2.972,2.514,1.825,4.534,1.86,2.84,1.34,2.361,1.26,3.907,2.22,4.843,3.909,1.975,1.076,2.65,2.494,2.5,3.615,1.39,2.002,3.502,5.429,2.53,1.49,1.29,1.63,0.879,5.047,5.914,2.293,2.279,6.794,1.38,5.184,1.88,2.495,3.823,1.219,2.177,1.84,2.571,5.688,2.657,3.552,3.118,1.71,2.2,1.97,2.767,7.612,5.985,1.531,1.84,2.951,4.416,2.651,4.263,3.04,2.695,3.504,1.24,1.41,1.7702,2.569,1.4,1.294,5.131,4.46,4.964,3.417,5.149,1.45,5.863,1.26,1.27,1.26,4.473,7.306,2.603,5.803,1.33,2.276,1.675,2.17,5.143,2.749,1.77,1.42,3.814,3.619,5.638,1.568,5.876,5.179,4.144,1.769,1.991,2.273,2.654,6.594,1.213,2.161,1.76,2.097,2.36,4.301,2.629,1.894,2.24,5.425,5.794,3.775
2006,2.108,6.722,1.704,2.569,6.419,2.048,2.397,1.69,1.765,1.908,1.41,1.97,1.869,2.363,2.604,1.775,1.335,1.8,2.98,5.576,2.679,3.533,1.288,3.066,1.925,1.969,1.44,6.192,6.515,2.839,3.155,5.309,1.5862,5.353,6.992,1.527,1.901,1.615,2.198,4.984,6.671,4.82,1.978,5.376,1.47,1.576,1.498,1.34,1.85,3.739,2.619,2.753,3.013,2.465,5.498,4.881,1.58,3.617,5.667,2.5,2.807,1.84,2,2.217,4.223,5.696,1.711,1.33,4.438,1.4,2.256,2.321,2.598,3.833,5.653,5.312,2.797,3.746,3.419,0.984,1.34,2.08,2.899,2.51,1.812,4.48,1.91,2.88,1.37,2.325,1.32,3.866,2.36,4.767,3.895,1.966,1.123,2.43,2.447,2.7,3.516,1.46,1.956,3.449,5.338,2.509,1.43,1.33,1.65,0.911,4.956,5.844,2.249,2.262,6.76,1.36,5.14,1.77,2.456,3.739,1.227,2.253,1.83,2.553,5.634,2.596,3.56,2.986,1.72,2.29,2.01,2.725,7.592,5.958,1.501,1.9,2.904,4.31,2.643,4.21,2.97,2.682,3.429,1.27,1.37,1.7123,2.433,1.42,1.305,5.015,4.46,4.919,3.331,5.124,1.43,5.747,1.28,1.25,1.31,4.44,7.228,2.607,5.721,1.36,2.278,1.63,2.149,5.085,2.717,1.85,1.44,3.762,3.602,5.616,1.56,5.675,5.123,4.104,1.78,1.999,2.24,2.653,6.516,1.31,2.081,1.82,2.07,2.39,4.261,2.595,1.899,2.03,5.253,5.724,3.819
2007,2.12,6.555,1.671,2.649,6.372,2.023,2.38,1.702,1.76,1.959,1.38,1.97,1.877,2.297,2.523,1.757,1.429,1.82,2.893,5.522,2.577,3.447,1.295,3.047,1.882,1.933,1.49,6.116,6.435,2.757,3.086,5.266,1.6589,5.322,6.901,1.547,1.898,1.617,2.137,4.927,6.649,4.81,1.948,5.296,1.48,1.586,1.479,1.45,1.84,3.617,2.586,2.711,3.037,2.41,5.433,4.812,1.69,3.561,5.526,2.6,2.777,1.83,1.98,2.183,4.201,5.668,1.763,1.37,4.392,1.41,2.299,2.301,2.564,3.701,5.575,5.241,2.755,3.66,3.296,1.028,1.32,2.09,2.823,2.505,1.807,4.437,2.01,2.9,1.4,2.289,1.34,3.821,2.5,4.682,3.883,1.957,1.25,2.43,2.399,2.7,3.421,1.54,1.93,3.402,5.246,2.497,1.42,1.36,1.61,0.953,4.866,5.751,2.217,2.254,6.719,1.35,5.098,1.74,2.421,3.661,1.241,2.343,1.817,2.545,5.576,2.533,3.579,2.865,1.72,2.2,2.18,2.689,7.569,5.93,1.48,1.9,2.879,4.211,2.637,4.156,2.907,2.662,3.359,1.31,1.35,1.6505,2.312,1.45,1.416,4.893,4.45,4.872,3.246,5.107,1.38,5.621,1.29,1.27,1.38,4.417,7.144,2.61,5.638,1.38,2.275,1.598,2.131,5.03,2.687,1.88,1.46,3.696,3.595,5.584,1.554,5.451,5.064,4.059,1.79,2.02,2.213,2.672,6.429,1.345,2.006,1.86,2.048,2.554,4.221,2.562,1.907,2.51,5.09,5.65,3.873
2008,2.072,6.373,1.654,2.728,6.32,2.005,2.366,1.712,1.759,1.984,1.42,1.9,1.881,2.241,2.449,1.735,1.488,1.85,2.816,5.469,2.48,3.364,1.303,3.034,1.847,1.918,1.56,6.036,6.352,2.687,3.018,5.219,1.6808,5.289,6.803,1.564,1.895,1.62,2.081,4.87,6.621,4.798,1.923,5.221,1.55,1.602,1.461,1.51,1.89,3.502,2.556,2.675,3.085,2.358,5.363,4.737,1.72,3.496,5.39,2.6,2.758,1.85,2.01,2.151,4.182,5.64,1.816,1.38,4.35,1.5,2.247,2.282,2.534,3.58,5.496,5.174,2.718,3.579,3.177,1.064,1.35,2.15,2.743,2.499,1.811,4.403,2.06,2.96,1.45,2.251,1.37,3.768,2.7,4.587,3.872,1.949,1.192,2.38,2.347,2.8,3.327,1.58,1.925,3.361,5.154,2.49,1.43,1.45,1.61,0.999,4.777,5.632,2.191,2.245,6.67,1.43,5.057,1.67,2.391,3.589,1.256,2.441,1.8,2.547,5.515,2.471,3.601,2.751,1.77,2.2,2.19,2.657,7.542,5.902,1.468,1.96,2.869,4.118,2.632,4.101,2.846,2.633,3.294,1.39,1.39,1.6516,2.211,1.6,1.502,4.767,4.426,4.825,3.158,5.094,1.4,5.487,1.28,1.34,1.53,4.403,7.055,2.611,5.552,1.45,2.269,1.574,2.112,4.977,2.659,1.91,1.48,3.613,3.594,5.542,1.549,5.223,5.001,4.012,1.799,2.054,2.189,2.712,6.333,1.458,1.939,1.91,2.03,2.637,4.18,2.53,1.918,2.44,4.94,5.574,3.931
2009,2.002,6.18,1.652,2.799,6.26,1.993,2.355,1.719,1.761,1.971,1.39,1.82,1.877,2.197,2.382,1.711,1.509,1.84,2.749,5.416,2.387,3.287,1.311,3.026,1.818,1.921,1.66,5.953,6.267,2.629,2.947,5.167,1.668,5.254,6.699,1.578,1.892,1.623,2.033,4.813,6.587,4.784,1.903,5.152,1.58,1.624,1.443,1.51,1.84,3.397,2.528,2.643,3.154,2.31,5.288,4.656,1.7,3.421,5.26,2.4,2.75,1.86,2,2.121,4.164,5.612,1.866,1.36,4.311,1.5,2.359,2.262,2.509,3.471,5.417,5.11,2.684,3.501,3.063,1.055,1.32,2.23,2.661,2.492,1.821,4.374,2.06,2.96,1.45,2.212,1.37,3.706,2.55,4.482,3.859,1.943,1.149,2.34,2.291,2.9,3.234,1.46,1.938,3.328,5.062,2.485,1.71,1.5,1.59,1.048,4.689,5.491,2.169,2.231,6.612,1.42,5.019,1.59,2.364,3.522,1.268,2.541,1.78,2.556,5.454,2.412,3.62,2.644,1.79,2.2,2.13,2.628,7.511,5.872,1.464,1.98,2.868,4.031,2.628,4.043,2.787,2.594,3.236,1.4,1.34,1.6528,2.13,1.66,1.542,4.641,4.388,4.776,3.066,5.081,1.44,5.346,1.22,1.44,1.53,4.399,6.961,2.608,5.465,1.38,2.259,1.555,2.092,4.926,2.633,1.94,1.5,3.514,3.596,5.489,1.545,5.004,4.936,3.963,1.804,2.095,2.168,2.769,6.227,1.473,1.877,1.89,2.018,2.53,4.14,2.5,1.928,2.37,4.801,5.496,3.988
2010,1.931,5.977,1.66,2.86,6.194,1.988,2.346,1.722,1.768,1.928,1.44,1.92,1.865,2.164,2.324,1.687,1.494,1.86,2.69,5.362,2.301,3.213,1.315,3.022,1.796,1.937,1.57,5.867,6.179,2.581,2.875,5.111,1.6269,5.215,6.592,1.585,1.884,1.627,1.992,4.754,6.544,4.765,1.885,5.088,1.55,1.647,1.424,1.51,1.87,3.3,2.503,2.615,3.233,2.265,5.209,4.571,1.72,3.342,5.136,2.5,2.752,1.87,2.03,2.095,4.146,5.583,1.911,1.39,4.273,1.48,2.195,2.24,2.488,3.375,5.336,5.049,2.655,3.427,2.957,1.127,1.25,2.2,2.581,2.483,1.839,4.343,2.05,3.03,1.46,2.173,1.39,3.631,2.6,4.369,3.843,1.938,1.226,2.29,2.234,3.1,3.143,1.36,1.966,3.302,4.971,2.478,1.4,1.5,1.63,1.093,4.603,5.332,2.149,2.206,6.547,1.36,4.98,1.57,2.34,3.46,1.275,2.637,1.76,2.567,5.392,2.359,3.631,2.542,1.79,2.2,2.17,2.601,7.473,5.839,1.468,1.95,2.873,3.951,2.622,3.985,2.73,2.546,3.18,1.41,1.39,1.6235,2.07,1.59,1.567,4.52,4.338,4.727,2.97,5.064,1.4,5.202,1.15,1.43,1.57,4.403,6.865,2.598,5.376,1.37,2.248,1.538,2.07,4.876,2.61,1.98,1.52,3.404,3.599,5.427,1.542,4.805,4.868,3.913,1.806,2.14,2.151,2.833,6.111,1.443,1.819,1.92,2.011,2.342,4.1,2.471,1.938,2.3,4.674,5.415,4.034
2011,1.894,5.77,1.673,2.909,6.12,1.989,2.338,1.724,1.779,1.926,1.43,1.96,1.847,2.139,2.273,1.665,1.515,1.81,2.638,5.305,2.224,3.143,1.315,3.017,1.781,1.957,1.51,5.781,6.088,2.539,2.804,5.049,1.61,5.172,6.482,1.586,1.87,1.632,1.958,4.693,6.493,4.742,1.869,5.029,1.48,1.668,1.406,1.43,1.75,3.213,2.481,2.59,3.311,2.224,5.126,4.486,1.61,3.264,5.017,2.3,2.761,1.83,2.01,2.07,4.129,5.552,1.95,1.39,4.234,1.4,2.117,2.217,2.469,3.292,5.256,4.987,2.63,3.356,2.86,1.204,1.23,2.02,2.506,2.471,1.866,4.301,2.03,2.98,1.44,2.136,1.39,3.541,2.59,4.248,3.822,1.934,1.244,2.24,2.182,3.1,3.056,1.33,2.002,3.282,4.881,2.466,1.69,1.55,1.52,1.131,4.52,5.161,2.129,2.171,6.474,1.45,4.939,1.55,2.317,3.402,1.276,2.722,1.741,2.576,5.329,2.312,3.632,2.444,1.76,2.15,2.09,2.575,7.429,5.802,1.477,1.88,2.882,3.88,2.613,3.926,2.675,2.493,3.121,1.33,1.35,1.5965,2.027,1.47,1.582,4.412,4.277,4.677,2.871,5.039,1.4,5.06,1.2,1.45,1.56,4.413,6.765,2.582,5.286,1.34,2.237,1.522,2.046,4.824,2.587,1.9,1.52,3.29,3.603,5.358,1.539,4.637,4.798,3.864,1.804,2.182,2.137,2.892,5.983,1.459,1.763,1.91,2.008,2.236,4.06,2.444,1.949,2.16,4.554,5.328,4.059
2012,1.88,5.562,1.684,2.952,6.039,1.993,2.33,1.725,1.795,1.92,1.44,2,1.828,2.118,2.228,1.645,1.62,1.8,2.588,5.246,2.159,3.076,1.313,3.011,1.771,1.973,1.5,5.693,5.994,2.5,2.739,4.984,1.6142,5.123,6.372,1.58,1.849,1.639,1.93,4.628,6.432,4.712,1.853,4.974,1.51,1.683,1.39,1.45,1.73,3.131,2.46,2.567,3.377,2.187,5.04,4.407,1.56,3.195,4.901,2.6,2.773,1.8,2.01,2.048,4.113,5.518,1.984,1.41,4.192,1.34,2.019,2.194,2.45,3.219,5.175,4.923,2.606,3.288,2.774,1.285,1.34,2.04,2.439,2.455,1.901,4.243,1.98,3.05,1.43,2.102,1.41,3.436,2.62,4.123,3.796,1.931,1.297,2.19,2.139,3.2,2.977,1.44,2.038,3.265,4.793,2.447,1.51,1.6,1.57,1.161,4.442,4.988,2.11,2.129,6.396,1.42,4.895,1.54,2.294,3.347,1.273,2.794,1.728,2.579,5.264,2.274,3.623,2.351,1.72,2.28,2.1,2.55,7.376,5.758,1.488,1.85,2.896,3.816,2.601,3.869,2.625,2.441,3.055,1.33,1.28,1.5425,1.997,1.52,1.691,4.322,4.212,4.627,2.773,5.005,1.45,4.923,1.29,1.34,1.58,4.428,6.664,2.561,5.197,1.32,2.227,1.508,2.021,4.771,2.565,1.91,1.52,3.181,3.608,5.287,1.538,4.497,4.727,3.815,1.799,2.216,2.126,2.936,5.845,1.531,1.708,1.92,2.006,2.193,4.019,2.417,1.962,2.05,4.439,5.233,4.058
2013,1.857,5.359,1.69,2.99,5.953,1.998,2.322,1.728,1.813,1.855,1.44,1.98,1.81,2.098,2.188,1.63,1.668,1.76,2.539,5.183,2.107,3.01,1.309,3.002,1.764,1.978,1.48,5.606,5.897,2.463,2.682,4.916,1.587,5.068,6.262,1.569,1.821,1.647,1.905,4.561,6.363,4.676,1.838,4.92,1.46,1.689,1.376,1.46,1.67,3.054,2.441,2.544,3.421,2.154,4.952,4.335,1.52,3.139,4.787,2.5,2.786,1.75,1.99,2.027,4.098,5.48,2.012,1.42,4.146,1.29,2.077,2.171,2.429,3.151,5.094,4.855,2.582,3.223,2.699,1.125,1.35,1.93,2.381,2.436,1.945,4.168,1.93,3.03,1.39,2.072,1.43,3.319,2.64,3.999,3.765,1.929,1.187,2.16,2.109,3.1,2.907,1.52,2.069,3.25,4.706,2.423,1.45,1.59,1.55,1.183,4.369,4.821,2.092,2.084,6.315,1.36,4.847,1.44,2.27,3.294,1.27,2.852,1.72,2.571,5.198,2.242,3.604,2.261,1.68,2.19,2.01,2.526,7.314,5.709,1.497,1.78,2.913,3.759,2.584,3.812,2.581,2.394,2.979,1.29,1.21,1.47,1.972,1.46,1.707,4.251,4.147,4.577,2.678,4.96,1.43,4.793,1.19,1.34,1.55,4.443,6.563,2.537,5.108,1.27,2.22,1.496,1.998,4.715,2.543,1.89,1.52,3.085,3.615,5.215,1.538,4.383,4.656,3.768,1.79,2.24,2.117,2.958,5.699,1.506,1.651,1.83,2.004,2.35,3.979,2.39,1.978,2.07,4.326,5.132,4.03
2014,1.862,5.163,1.688,3.022,5.864,2.001,2.312,1.732,1.834,1.826,1.46,1.97,1.794,2.078,2.152,1.62,1.696,1.74,2.489,5.116,2.067,2.947,1.303,2.988,1.758,1.969,1.53,5.521,5.797,2.425,2.633,4.847,1.5818,5.007,6.154,1.556,1.787,1.656,1.883,4.491,6.287,4.634,1.823,4.867,1.46,1.686,1.364,1.53,1.69,2.981,2.423,2.522,3.441,2.126,4.863,4.273,1.54,3.097,4.675,2.6,2.795,1.71,2.01,2.008,4.083,5.437,2.034,1.47,4.095,1.3,2.037,2.148,2.406,3.088,5.013,4.783,2.558,3.159,2.635,1.235,1.44,1.93,2.333,2.413,1.993,4.076,1.89,3.08,1.37,2.047,1.42,3.196,2.74,3.879,3.73,1.926,1.205,2.13,2.09,3.2,2.847,1.65,2.091,3.235,4.621,2.392,1.59,1.63,1.5,1.196,4.302,4.666,2.074,2.038,6.231,1.38,4.794,1.43,2.243,3.243,1.265,2.894,1.719,2.552,5.131,2.217,3.577,2.176,1.71,2.17,1.92,2.503,7.245,5.653,1.504,1.75,2.93,3.708,2.564,3.758,2.542,2.355,2.894,1.32,1.23,1.432,1.95,1.56,1.75,4.197,4.086,4.527,2.589,4.905,1.46,4.672,1.25,1.37,1.58,4.455,6.462,2.511,5.022,1.32,2.216,1.485,1.975,4.656,2.519,1.88,1.54,3.005,3.621,5.146,1.538,4.292,4.585,3.722,1.78,2.252,2.109,2.956,5.547,1.498,1.595,1.81,2.002,2.457,3.939,2.365,1.996,2.09,4.214,5.026,3.974
2015,1.843,4.976,1.677,3.043,5.774,2.003,2.301,1.738,1.854,1.814,1.49,1.94,1.782,2.056,2.12,1.614,1.724,1.7,2.439,5.047,2.037,2.886,1.296,2.968,1.753,1.947,1.53,5.436,5.697,2.385,2.593,4.777,1.563,4.941,6.049,1.541,1.75,1.665,1.863,4.419,6.203,4.587,1.806,4.813,1.4,1.674,1.354,1.57,1.71,2.912,2.405,2.499,3.436,2.101,4.774,4.217,1.58,3.065,4.565,2.4,2.8,1.65,1.96,1.99,4.064,5.39,2.05,1.5,4.041,1.33,2.01,2.126,2.383,3.029,4.933,4.708,2.534,3.098,2.581,1.196,1.45,1.8,2.295,2.389,2.041,3.972,1.85,3.09,1.35,2.026,1.45,3.071,2.73,3.765,3.692,1.922,1.239,2.09,2.083,3.2,2.796,1.7,2.103,3.218,4.54,2.356,1.4,1.7,1.47,1.203,4.241,4.527,2.056,1.991,6.145,1.37,4.738,1.36,2.215,3.193,1.261,2.918,1.723,2.524,5.062,2.198,3.54,2.098,1.66,2.06,1.99,2.48,7.169,5.592,1.507,1.72,2.939,3.66,2.54,3.707,2.508,2.323,2.805,1.32,1.31,1.3365,1.929,1.58,1.777,4.157,4.029,4.477,2.507,4.841,1.46,4.561,1.24,1.4,1.57,4.459,6.363,2.484,4.937,1.33,2.213,1.473,1.953,4.594,2.494,1.85,1.54,2.94,3.623,5.079,1.538,4.219,4.516,3.678,1.767,2.251,2.101,2.93,5.394,1.506,1.541,1.8,1.997,2.491,3.898,2.34,2.014,2.11,4.103,4.918,3.896
2016,1.82,4.8,1.659,3.052,5.686,2.003,2.288,1.744,1.872,1.752,1.53,1.9,1.771,2.033,2.09,1.613,1.733,1.68,2.391,4.977,2.014,2.829,1.286,2.942,1.747,1.915,1.54,5.353,5.599,2.346,2.559,4.708,1.5433,4.87,5.947,1.527,1.713,1.675,1.843,4.347,6.112,4.536,1.789,4.759,1.42,1.656,1.345,1.63,1.79,2.846,2.387,2.475,3.41,2.079,4.686,4.164,1.6,3.041,4.456,2.6,2.797,1.57,1.92,1.973,4.039,5.338,2.059,1.59,3.984,1.38,2,2.104,2.358,2.973,4.854,4.631,2.509,3.041,2.536,1.205,1.53,1.74,2.266,2.362,2.083,3.864,1.81,3.11,1.34,2.009,1.44,2.954,2.73,3.663,3.651,1.917,1.172,2.06,2.082,3.1,2.751,1.74,2.104,3.197,4.461,2.317,1.61,1.69,1.41,1.207,4.184,4.407,2.037,1.947,6.057,1.37,4.679,1.4,2.186,3.145,1.259,2.923,1.73,2.489,4.992,2.182,3.496,2.027,1.66,2.08,1.87,2.455,7.087,5.526,1.506,1.71,2.937,3.612,2.514,3.657,2.479,2.297,2.718,1.39,1.36,1.2425,1.907,1.64,1.762,4.123,3.976,4.426,2.435,4.77,1.46,4.457,1.2,1.48,1.58,4.452,6.265,2.457,4.855,1.34,2.211,1.461,1.931,4.532,2.469,1.85,1.54,2.889,3.618,5.015,1.537,4.156,4.449,3.636,1.753,2.238,2.092,2.887,5.242,1.466,1.491,1.79,1.991,2.455,3.859,2.317,2.03,2.09,3.994,4.814,3.804
2017,1.765,4.633,1.638,3.045,5.6,1.999,2.275,1.75,1.886,1.765,1.53,1.9,1.762,2.01,2.062,1.615,1.541,1.68,2.346,4.906,1.994,2.777,1.276,2.91,1.739,1.881,1.54,5.271,5.502,2.309,2.53,4.639,1.4961,4.796,5.846,1.516,1.678,1.683,1.825,4.275,6.017,4.482,1.772,4.704,1.42,1.637,1.337,1.63,1.79,2.785,2.367,2.451,3.37,2.059,4.599,4.112,1.6,3.018,4.35,2.5,2.788,1.49,1.92,1.956,4.008,5.281,2.062,1.57,3.926,1.38,2.09,2.083,2.334,2.92,4.777,4.553,2.485,2.986,2.496,1.125,1.53,1.74,2.243,2.336,2.116,3.762,1.81,3.11,1.34,1.993,1.43,2.849,2.73,3.572,3.61,1.911,1.052,2.02,2.083,3,2.709,1.74,2.097,3.171,4.387,2.277,1.61,1.69,1.41,1.211,4.13,4.302,2.019,1.906,5.968,1.37,4.619,1.44,2.157,3.098,1.259,2.914,1.738,2.451,4.922,2.168,3.447,1.967,1.66,1.97,1.81,2.43,7.001,5.457,1.501,1.71,2.92,3.562,2.487,3.61,2.453,2.275,2.64,1.39,1.36,1.101,1.886,1.64,1.762,4.088,3.926,4.374,2.373,4.697,1.46,4.359,1.16,1.48,1.58,4.434,6.168,2.43,4.775,1.34,2.206,1.448,1.911,4.469,2.443,1.85,1.54,2.847,3.606,4.953,1.532,4.093,4.384,3.595,1.739,2.219,2.081,2.836,5.095,1.374,1.448,1.79,1.983,2.455,3.82,2.294,2.042,2.08,3.89,4.718,3.707
2018,1.729,,,,,,,,,,,,,,,,,,,,,,,,,,,,,,,,,,,,,,,,,,,,,,,,,,,,,,,,,,,,,,,,,,,,,,,,,,,,,,,,,,,,,,,,,,,,,,,,,,,,,,,,,,,,,,,,,,,,,,,,,,,,,,,,,,,,,,,,,,,,,,,,,,,,,,,,,,,,,,,,,,,,,,,,,,,,,,,,,,,,,,,,,,,,,,,,,,
2019,,,,,,,,,,,,,,,,,,,,,,,,,,,,,,,,,,,,,,,,,,,,,,,,,,,,,,,,,,,,,,,,,,,,,,,,,,,,,,,,,,,,,,,,,,,,,,,,,,,,,,,,,,,,,,,,,,,,,,,,,,,,,,,,,,,,,,,,,,,,,,,,,,,,,,,,,,,,,,,,,,,,,,,,,,,,,,,,,,,,,,,,,,,,,,,,,,,
